24,Entertainment,UC-lHJZR3Gqxm24_Vd_AJ5Yw,United States,I make videos.,69896406,2010-04-29,,https://yt3.ggpht.com/a-/AN66SAztY6oYWZnS1Cae9o4_msEE1H83Tld5cFtl3Q=s88-mo-c-c0xffffffff-rj-k-no,http://www.youtube.com/channel/UC-lHJZR3Gqxm24_Vd_AJ5Yw,PewDiePie,bitch lasagna,https://www.youtube.com/watch?v=6Dh-RL__uN4,3649
www.TipsyBartender.com",3580685,2010-11-02,,https://yt3.ggpht.com/a-/AN66SAyY5u-m0fCQWXi4ubwfvA2cGdG9C02ASQgf=s88-mo-c-c0xffffffff-rj-k-no,http://www.youtube.com/channel/UCaDY8WjYWy36bnt0RVzSklw,Tipsy Bartender,Let's Get Tipsy - Welcome to Our Channel,https://www.youtube.com/watch?v=fn6hCcPS2Z0,1404
10,Music,UCP_b12xavk-H9EXp5JXLOEA,India,"Hello Viewers,
Неудачник нуб мультик

10,Music,UCpbRCTCwZHVQMqNRKCa8Wqw,Saudi Arabia,"مرحباً بكم في قناة الفنان راشد الماجد الرسمية عبر اليوتيوب، و التي تضم جميع ألبوماته الغنائية إلى جانب الفيديوهات الصمورة على طريقة ( فيديو كليب )، و بعض من الحفلات المسجلة، 
He has also represented India Internationally as a Fashion Model for 3 years. After delving into the world of Personal Development and Motivational Speaking, he has dedicated his life to help the Youth to reach their Highest Potential by achieving not only good aesthetics but also a fully functional body, a Healthy Mind, better Grooming Skills and address to some of the most common problems faced by the Youth.


Contact email : cashmoneyap.beats@gmail.com
Suhani Manosh",522508,2014-01-05,,https://yt3.ggpht.com/a-/AN66SAwK8D8FvBPXJ60FlYVcygHDc8kAaJIfWiPL=s88-mo-c-c0xffffffff-rj-k-no,http://www.youtube.com/channel/UCJVvkZdxskyb22fVWDob4BQ,Suhani Manosh,Bom Diggy I Zack Knight & Jasmin Walia - Dance Cover,https://www.youtube.com/watch?v=BuTPsWERxgo,38



English is not my mother tongue, so please don\'t focus on the mistakes I do. I also know a few words of german, even if I didn\'t practice it since high school.
Please do not use my content without my permission. Thank you.",335275,2007-07-06,,https://yt3.ggpht.com/a-/AN66SAxNrXZM5h70W6lUIRHrc78jAH4ozUHAC-x3EQ=s88-mo-c-c0xffffffff-rj-k-no,http://www.youtube.com/channel/UCRi865HzooH2xf6zLn9BJQw,DieselD199,TOMICA Thomas & Friends Short 49: Star of the Special (Journey Beyond Sodor Crash Parody),https://www.youtube.com/watch?v=Vk7QwXtecxE,141



10,Music,UCZDMf3IiaCeWbkAa1LCzk4A,Great-Britain,"The UK\'s Number 1 YouTube channel for Grime Music & UK Urban Entertainment with Shows like Uncle Pain, The Five Pound Munch, Trainer Game, Angry Shopkeeper, The Grime Challenge, The King L Challenge & Whippin In Da Kitchen plus much much more.",252021,2011-01-19,,https://yt3.ggpht.com/a-/AN66SAwf3KrObnekSDCyIASkz8munNrdjfaC0fwRgQ=s88-mo-c-c0xffffffff-rj-k-no,http://www.youtube.com/channel/UCZDMf3IiaCeWbkAa1LCzk4A,GRIMEREPORTTV,Pete & Bas 'Do One' [Music Video] Sindhuworld | Grime Report Tv,https://www.youtube.com/watch?v=5uOkpjPmjG4,1533

If you enjoy our channel, feel free to Subscribe! Check Links below for where you can follow us on social media!
1,Film and Animation,UCr_8V26xVWXLfafxI3gpsRg,,"I am a college student who loves to make stopmotions with my AmericanGirl dolls. In the past 8 years, I have created more than 300 videos.
24,Entertainment,UC5irQplE817hZq-8JLf1wPA,Nederland,,197531,2010-09-24,,https://yt3.ggpht.com/a-/AN66SAzlztaXzkw-FdhazS997l70s7PuzpWSnBw8kQ=s88-mo-c-c0xffffffff-rj-k-no,http://www.youtube.com/channel/UC5irQplE817hZq-8JLf1wPA,Ryan Babel,Writing History with Beşikta...,https://www.youtube.com/watch?v=eHWhm3vUaYs,58
17,Sports,UC3ftcoNgXgvi-8inwCelg9A,Croatia,"Hi,I make amazing soccer videos
2,Autos & Vehicles,UC2ni6kGpO-NuM2PG-P5FQ7A,India,"हैलो दोस्तों आपका स्वागत है आपके अपने youtube चैनल Maths masti पर।मित्रो मैं इस चैनल के माध्यम से कमजोर से कमजोर छात्रों को गणित सिखाने का प्रयास कर रहा हूँ। और आपके सहयोग से मेरा प्रयास सफल होते दिख रहा है। मित्रो मेरा मानना ये है कि कोई भी विषय तभी आप खूब पढ़ते होंगे जब आपको मन लगता होगा।और मन तभी लगेगा जब समझ मे आएगा। इस लिए मेरा हमेशा से प्रयास रहा है कि मैं गणित को आसान बना दूँ।


24,Entertainment,UCoIxGQWmzRYMdYTEg7a_lyw,,,152580,2016-08-08,,https://yt3.ggpht.com/a-/AN66SAwh3R_7VZLMoAsJjjW2rpVTHwmMlPr6FQOpTg=s88-mo-c-c0xffffffff-rj-k-no,http://www.youtube.com/channel/UCoIxGQWmzRYMdYTEg7a_lyw,Em And Lex,Q&A Part 2 | ARE Y'ALL SINGLE?...,https://www.youtube.com/watch?v=LmvQnumAj1I,104
28,Science & Technology,UC5tUi0nhIWLJvO_oWxuzekw,Great-Britain,"The Best Tech Reviews, Projector Reviews, Monitor Reviews, Wearable Tech, Smart Home Tech, basically All Things Tech
ACHIEVED SUBSCRIBERS
28,Science & Technology,UC1Q5iU8ODtqQjKFZgz8JAPg,United States,"I’m a self-taught iPhone photographer, photography teacher and the founder of iPhone Photography School. Despite having no formal training or arts background, my passion for taking photos allowed me to quickly improve as a photographer and turn my website - http://iphonephotographyschool.com into the world’s leading iPhone photography publication. I’m the author of best-selling iPhone Photo Academy and iPhone Editing Academy online courses, and spend much of my time running the business aspects of IPS and looking for ways to serve the audience better.

QuestCrew.com
AMD Threadripper 1950x
Для желающих участвовать в материальных расходах автора:
20,Gaming,UCo8fElL5iJdyf8gBP1ntjKA,United States,"Welcome to TheBaltazarTV ! This is my Dota Channel. I started playing Dota year 2008.
100 Huntley Street is Canada\'s longest running daily talk show.  Authentic and interactive, we bring the amazing stories of people who have had life changing encounters with God -whether they be world leaders, celebrities, sports figures  or everyday people like you and me.
2,Autos & Vehicles,UCGRIgtqal_cC7V_cD-Zylkg,India,"The best from the world of both, cars and bikes. Auto reviews by NDTV auto experts make carandbike.com a one stop solution for all auto enthusiasts and people looking for credible advice. #automadeeasy",96448,2015-10-28,,https://yt3.ggpht.com/a-/AN66SAz4oJP_CEcVPNlITBq03LG3C7diZEBmsk4X6A=s88-mo-c-c0xffffffff-rj-k-no,http://www.youtube.com/channel/UCGRIgtqal_cC7V_cD-Zylkg,CarAndBike,BMW i3s: India First Drive | NDTV carandbike,https://www.youtube.com/watch?v=RERRRswPm_w,911
UMX Studio 

Stalk Us on Insta - https://goo.gl/NMAOws

 
26,Howto & Style,UCcsSowAamCLJv-xeF9geXoA,Australia,"Vincenzo\'s Plate is a Youtube Cooking Show where Vincenzo and his Italian family, will show you how to make delicious Italian recipes.
http://www.twitter.com/yuuwiichoow
ShowtimeWeb.com is more than a \",69386,2007-04-04,,https://yt3.ggpht.com/a-/AN66SAzrtTAShs1qaIuiFKKyCRK_nqVzb7FU_BZtPQ=s88-mo-c-c0xffffffff-rj-k-no,http://www.youtube.com/channel/UCns2OqWWjNOC7z1L3ib8FVg,ShowtimeWeb,"Edna Karr High Marching Band ""...",https://www.youtube.com/watch?v=5OeHCjWFxes,3753
24,Entertainment,UCiwEWupd1oOLErJ90ophzCw,,"It\'s a fun channel
Originally a dance label but now open to all genres with sub-label Club Sweat an outlet for our more club-focused records, Sweat It Out is a Sydney based record label started by the (late) great AJAX
Thurs - 10:30am Pacific Time
Материнская плата - Asus ROG Rampage VI Extreme
These offerings have manifested through our desire to remember how to live intuitively and holistically, in order to become the ultimate alchemists of our reality.
17,Sports,UC7-vNcK_oZkjiq9Y6Y7YaMw,United States,"Fingerboarding for life. My channel is a mixture of sessions, how-to\'s, unboxings, reviews, and whole bunch of other cool stuff surrounding fingerboarding. This channel is not only for fingerboarders its for everybody my content can be enjoyed by anyone regardless of interest and i strongly suggest you take a look at my cinematic videos they are definitely worth taking look at :)",55880,2011-07-25,,https://yt3.ggpht.com/a-/AN66SAzIXbLQCEcHtZiT8XdQxEQ_Hs9khs8tc4pw=s88-mo-c-c0xffffffff-rj-k-no,http://www.youtube.com/channel/UC7-vNcK_oZkjiq9Y6Y7YaMw,ChubyMuffin,TECHDECK VS FINGERBOARD,https://www.youtube.com/watch?v=MCji42pusrs,145
If you would like to cooperate with me to produce videos on this channel, you can contact me at the email address below.
We\'re stoked to take you along our journey and we do appreciate having your support here",52488,2016-12-29,,https://yt3.ggpht.com/a-/AN66SAzeuSOhU3_U-ojOXJBALKmneliS6Q7AIbEYdQ=s88-mo-c-c0xffffffff-rj-k-no,http://www.youtube.com/channel/UCO-BUJCM03NS-rwr1VonV4A,Divert Living,Following our dream changed our life  - Divert Living,https://www.youtube.com/watch?v=KSFLZug-xAo,236
► My mission:
Snapchat - HayleyWi11iams

20,Gaming,UChWPh_7X_Z7tB0nZ2T0-n4A,United States,"Ahoy thar! We make Warframe guides, reviews, Devstream recaps, and even have some nutty Let\'s Play videos to keep it fresh ^_^
So why not... Make it Easy & Affordable so that each & every single person can look 




Subcribe my channel: https://goo.gl/2t2kwk
Ro\'dey is also the CEO of his own production company, Blu Moon Productions. This has enabled him to hone his skills in photography and videography.

Here to share my favorite looks,tips and tricks ♡
     
このチャンネルでは主にトーマスと仲間たちやチャギントンのプラレールのおもちゃで遊ぶ動画を作っています。特に対決シリーズはたくさん作りたいと思います。",32271,2016-02-16,,https://yt3.ggpht.com/a-/AN66SAwfOoWgevYqbioAl8rTLisyVfYowdfn2Eo5mA=s88-mo-c-c0xffffffff-rj-k-no,http://www.youtube.com/channel/UC_xNPyVrT2gLuf_iCiYeQiw,Toy Kids Review anpan onisan,★Big Thomas The Tank Engine and Percy Overlooking the sea★きかんしゃトーマス,https://www.youtube.com/watch?v=SDGzfUTLDV4,353
DJ QB bio:
WWE STARS 
Subscribe Now: http://goo.gl/24CzL0
CHEEERS",28764,2017-02-01,,https://yt3.ggpht.com/a-/AN66SAw-HeYwtbulEFxpXr_JiW0RxAGbqKBJJ0DR7A=s88-mo-c-c0xffffffff-rj-k-no,http://www.youtube.com/channel/UCngvmTowY2d3qGT2bGObH5w,Discover Now,7 Awesome Gadgets You Didn't Know Existed 2018,https://www.youtube.com/watch?v=B6eMAx-Ix7o,447
22,People & Blogs,UCXT8HSs0wdWBd70XR95JLQg,New Caledonia,Enjoy your life ♥ Bonne écoute à tous !,27929,2015-11-10,,https://yt3.ggpht.com/a-/AN66SAw_jFRlotYkYdFeSGUrR3qH4lSvMLJbwGJjkg=s88-mo-c-c0xffffffff-rj-k-no,http://www.youtube.com/channel/UCXT8HSs0wdWBd70XR95JLQg,Melyn Yupen,Carlyle - Kò Ou Pou Mwen {Kompa 2018 },https://www.youtube.com/watch?v=mPwooLkV6Ls,1318
I upload videos every Friday for 2017! 
Our goals today – to make Kiev the center of modern education in pastry art and we are successfully coping with it.
15,Pets & Animals,UCUUnWFNO_FgLm7jTkKaQ0sA,,"If you would like to make a donation please visit my Blogspot - Thanks so much!
• GoPro Hero+
3,000,000 views - 29th July, 2018",24461,2014-12-01,,https://yt3.ggpht.com/a-/AN66SAytyj729tN7rLV-IzSl2qi4At8-b8_YXDQm9A=s88-mo-c-c0xffffffff-rj-k-no,http://www.youtube.com/channel/UCurpYucOH4HnNxFc086ImjQ,The Virtual Celebrity,Top 10 BEST Cartoons of 2017,https://www.youtube.com/watch?v=Q4_7LkXNLmM,384
Check me out on twitch

28,Science & Technology,UCxIcRDPZUB3BtYEXLUUyxeA,United States,"SEG Magnetics Inc.
WE ARE INDO EXOTIC PETS !


https://twitter.com/Suparichmind
En este CANAL de VIDEO y AUDIO  - NO - se fomenta la pirateria, unicamente se dan a conocer Clips de Videos de Peliculas o Tv sin obtener beneficio de ningun tipo.
20,Gaming,UCuY7g3VCs5jFMFvOSdvxcLw,United States,"Hi there I\'m Zach from ZonicTHedgehog and welcome to my channel!
28,Science & Technology,UCJxYycmlCSHcLaY5h7u5kmg,United States,"YouTube Videos, ICO and Token Executive Interviews, Crypto Market Analysis and News. ** Not professional advice.

RAM: HyperX Fury 16GB DDR4 2133
S N A P C H A T : blzbrnc
github.com/GoesToEleven
My message to everyone s to use your every moment of life to observe, think, awake your brainpowers, recognise your tools/sources and  possibilities to gain knowledge. 
IT\'S ALL ABOUT EDUCATION! Our Founder and CEO makes real estate buying and selling easier for everyone! As a Best-Selling Author and being featured on NBC, we’re dedicated to delivering the best experience for our viewers. 
20,Gaming,UCrfSB5pymlTxQ9_RCUhNymA,United States,"I primarily upload gaming videos for NHL, MLB The Show, and Madden NFL. NHL 18, NHL 19,, MLB The Show 18. My videos are intended to be fun, helpful, and entertaining! Please feel free to suggest any new videos or leave comments. All of your support is very much appreciated, and THANK YOU FOR WATCHING!

2500 Views 07.02.16

